id,name,url,links,is_host,is_human,image,aka,status,species,gender,actor,seasons,firstseen,lastseen,ethnicity,hair,eye,death,occupation,deathdate,deathcause,family,age,images,imagecaption,appearedin,height,weight,title,park,creationdate,birth,origin,headquarter,type,language,leadership,founder,eyes
7655,Akane,/wiki/Akane,,True,False,{{PAGENAME}}.jpg,"あかね, アカネ",Active,Host,Female,[[Rinko Kikuchi]],[[Season Two]],"""[[Akane No Mai]]""","""[[Phase Space]]""",Japanese,Black,Brown,,,,,,,,,,,,,,,,,,,,,,
7681,Akecheta,/wiki/Akecheta,"['Kohana', 'Maeve']",True,False,"<gallery>
Akecheta.png",Ghost <small>(by the [[Homestead Girl]])</small><br/>Ake <small>(by [[Kohana]])</small>,Decommissioned <small>(conscious mind in the [[Valley Beyond]])</small>,Host,Male,[[Zahn McClarnon]],[[Season Two,"""[[Reunion]]""","""[[The Passenger]]""",Native American,Black,Brown,"""[[Kiksuya]]""<br/>""[[The Passenger]]""",Leader of the [[Ghost Nation]]<br/>Tribesman <small>(formerly)</small><br/>[[Argos Initiative]] salesman <small>(formerly)</small>,June 2052 <small>(last death)</small>,Repeatedly stabbed in the gut by a guest <small>(repaired by [[Livestock Management]])</small><br/>Fell off a cliff after being shot in the back by a [[Quality Assurance,[[Kohana]] <small>(lover)</small>,,,,,,,,,,,,,,,,,
3182,Angela,/wiki/Angela,['Wyatt'],True,False,Angela Reunion.jpg,"""Angela the cult member""",Decommissioned,[[Host]],Female,[[Talulah Riley]],[[Season One,"""[[Chestnut]]""","""[[Les Ecorches]]""",British Caucasian,Blonde,Hazel,,"Townswoman, Guest Greeter, Cult Member",,self-destruction by detonating a grenade,,30s,,,,,,,,,,,,,,,,
7615,Antoine Costa,/wiki/Antoine_Costa,,False,True,Antoine Costa.png,,Deceased,,Male,[[Fares Fares]],[[Season Two,"""[[Journey_Into_Night_(episode)","""[[The_Passenger",,Black,Brown,,Technician,,Shot repeatedly by [[Dolores Abernathy]] <small>(as [[Charlotte Hale]])</small>,,,[[:Category:Images of {{PAGENAME,,,,,,,,,,,,,,,
2165,Armistice,/wiki/Armistice,"['Hector Escaton', 'Wyatt']",True,False,"<gallery>
  Armistice Akane No Mai.jpg",,Decommissioned,[[Host]],Female,[[Ingrid Bolsø Berdal]],[[Season One,"""[[The Original]]""",,Caucasian American,Blonde,,,,,,,30s,[[:Category:Images of Armistice,,,,,,,,,,,,,,,
10472,Arno,/wiki/Arno,,True,False,{{PAGENAME}}.jpg,,,,,,,,,,,,,,,,,,,{{PAGENAME,,,,,,,,,,,,,,
2764,Arnold Weber,/wiki/Arnold_Weber,"['Dolores Abernathy', 'Robert Ford']",False,True,F9edd056b54ac77ac921f3a8738fc47d.png,"*The General <small>(in Teddy's memories of Wyatt)</small>
*[[Creator]] <small>(by [[Akecheta]])</small>",Deceased,Human,Male,[[Jeffrey Wright]],[[Season One,"""[[Chestnut]]""","""[[Kiksuya]]""",,,,,Co-Creator of Westworld,,Shot in the back of the head by [[Dolores Abernathy]],"Charlie (as revealed in ""[[The Stray]]""), his son",Late 40s,,,,,,,,,,,,,,,,
8562,Arroyo,/wiki/Arroyo,,False,True,203 Arroyo.png,,Deceased,Human,Male,[[Austin Priester]],[[Season Two,"""[[Virtù e Fortuna]]""","""[[Virtù e Fortuna]]""",African American,,,"""[[Virtù e Fortuna]]""",Member of the [[Westworld QA Security Force]],,Shot by [[Dolores Abernathy,,,,,,,,,,,,,,,,,,
11482,Ash,/wiki/Ash,,False,False,Ash Season Three.jpg,TBA,Alive/Active,TBA,Female,[[Lena Waithe]],[[Season Three,TBA,TBA,African-American,,,TBA,TBA,,,,TBA,,,TBA,,,,,,,,,,,,,
2536,Ashley Stubbs,/wiki/Ashley_Stubbs,,True,False,Ashley Stubbs Les Ecorches.jpg,Stubbs,Active,Host<ref>https://www.thewrap.com/westworld-season-2-finale-questions-dolores-bernard-hale-lisa-joy/</ref>,Male,[[Luke Hemsworth]],[[Season One,"""[[The Original]]""",,Caucasian American,Blond,Blue,,Head of Security at Westworld,,,,30s,[[:Category:Images of {{PAGENAME,,,"5' 9½"" (1.77 m)",165 lbs.,,,,,,,,,,,
3444,Barkeep (Contrapasso),/wiki/Barkeep_(Contrapasso),,True,False,Barkeep_contrapasso.jpg,,Unknown,Host,Female,[[Windy Marshall]],[[Season One]],"""[[Contrapasso]]""",,,,,,Host programmed as a barkeep,,,,,,A Host barkeep,,,,,,,,,,,,,,
3552,Barkeep (Las Mudas),/wiki/Barkeep_(Las_Mudas),,True,False,Barkeep_in_las_mudas.jpg,,Decommissioned,[[Host]],Male,[[Price Carson]],"[[Season One]], [[Season Two]]","""[[Chestnut]]""","""[[The Riddle of the Sphinx]]""",,,,,Barkeep,,,,50s,,Barkeep in Las Mudas,,,,,,,,,,,,,,
2860,Bartender,/wiki/Bartender,,True,False,"<gallery>
Westworldbartender2.png",,Active,[[Host]],Male,[[Bradford Tatum]] (old bartender)<br>[[Bradley Fisher]] (new bartender),[[Season One]],''[[The Original]]'',,Caucasian American,Black,,,,,,,40s or 50s,[[:Category:Images of {{PAGENAME,,,,,,,,,,,,,,,
7644,Bartender (The Original),/wiki/Bartender_(The_Original),,True,False,Bartender.jpg,,Reused,Bradford Tatum,,,Season One,The Original,The Original,Caucasian American,Brown,Grey,,"
* Bartender
* Rancher",,"As a bartender, killed by Hector Escaton (loop)",,,,,,,,,,,,,,,,,,
11639,Benny,/wiki/Benny,,False,False,Benny.jpeg,,Alive/Simulated,[[Human]]/Simulation,Male,[[David Danipour]],[[Season Three]],[[The Winter Line]],The Winter Line,,,,,,,,,20's,,,,,,,,,,,,,,,,
8166,Benson,/wiki/Benson,,False,True,206 Benson.png,,,,,,,,,,,,,,,,,,,{{PAGENAME,,,,,,,,,,,,,,
2159,Bernard Lowe,/wiki/Bernard_Lowe,"['Robert Ford', 'Elsie Hughes', 'Lauren', 'Theresa Cullen']",True,False,Bernard Lowe Season 3.jpg,Bernie - by [[Theresa Cullen]],Active,[[Host]],Male,[[Jeffrey Wright]],[[Season One,"""[[The Original]]""",,African American,Black,Brown,,,,,"*[[Lauren]] - Ex-wife
*[[Charlie]] - Deceased son",Late 40s,,,,"5'11""",172 lbs.,Bernard Lowe,[[Westworld (park),,,,,,,,,
11584,Bernard Lowe/Season 3,/wiki/Bernard_Lowe/Season_3,,False,False,,,,,,,,,,,,,,,,,,,,,,,,,,,,,,,,,,
7680,Blaine Bellamy,/wiki/Blaine_Bellamy,,False,True,Blaine Bellamy.png,,,,,,,,,,,,,,,,,,,{{PAGENAME,,,,,,,,,,,,,,
4058,Bloody Jimmy,/wiki/Bloody_Jimmy,,False,True,The_adversary_visitor.jpg,,,Guest,Male,[[Jonny Pasvolsky]],[[Season One]],"""[[The Adversary]]""",,Caucasian South African,,,,,,,,30s-40s,,New guest arrives at the [[Mariposa Saloon]],,,,,,,,,,,,,,
4059,Branding Soldier,/wiki/Branding_Soldier,,True,False,Soldier_in_the_Adversary.jpg,,,Host,Male,[[Kaiwi Lyman-Mersereau]],[[Season One]],"""[[The Adversary]]""",,,,,,,,,,30s-40s,,Branding soldier,,,,,,,,,,,,,,
8285,Brigham,/wiki/Brigham,,True,False,203 Brigham.png,,Decommissioned,Host,Male,[[Frederic Lehne]],[[Season Two]],[[Virtù e Fortuna]],[[Virtù e Fortuna]],Caucasian,Black,Green,,Colonel for the [[Confederados]],,,,50s,,,,"5'10""",119 lbs.,,,,,,,,,,,
11565,Brompton,/wiki/Brompton,,False,True,Brompton.jpeg,,Alive,[[Human]],Male,[[Russell Wong]],[[Season Three]],[[Parce Domine]],Parce Domine,Asian American,,,,Delos Board Member,,,,40's,,,1 episode,,,,,,,,,,,,,
11719,Buchan,/wiki/Buchan,,False,True,Buchan.jpeg,,Alive,[[Human]],Male,[[Robert Morgan]],[[Season Three]],[[Parce Domine]],[[Parce Domine]],Caucasian,,,,Butcher,,,,50's,,,1 episode,,,,,,,,,,,,,
11097,Caleb Nichols,/wiki/Caleb_Nichols,,False,False,Caleb Nichols Parce Domine.jpg,,Alive,Human,Male,"[[Aaron Paul]]
Dexter Hobert - as Young Caleb",[[Season Three,"""[[Parce Domine]]""",,Caucasian American,,,,"* Construction Worker
* Criminal",,,,30's,,,,,,,,,,,,,,,,
3467,Charlie,/wiki/Charlie,,False,True,Charlie_infobox.jpg,,,,,,,,,,,,,,,,,,,{{PAGENAME,,,,,,,,,,,,,,
3099,Charlotte Hale,/wiki/Charlotte_Hale,"['Bernard Lowe', 'Hector Escaton', 'Man in Black', 'Theresa Cullen']",False,True,Charlotte Les Ecorches.jpg,,Deceased,Human,Female,[[Tessa Thompson]],[[Season One,"""[[The Adversary]]""","""[[Parce Domine]]""",African American,Brown,Brown,,"Executive Director of Delos Destinations, Inc.",,Shot in the head by [[Dolores Abernathy]] posing as her,,30s,[[:Category:Images of Charlotte Hale,,,,,,,,,,,,,,,
10099,Charlotte Hale (host),/wiki/Charlotte_Hale_(host),,True,False,Hale Season Three.jpg,,Active,Host,Female,[[Tessa Thompson]],[[Season Two,"""[[Virtù e Fortuna]]"" (not identified)<br />""[[The Passenger]]""",,African American,Brown,Brown,,,,,,30s,[[:Category:Images of Charlotte Hale,,,,,,,,,,,,,,,
8109,Cigarillo,/wiki/Cigarillo,['Lawrence'],True,False,,,Unknown,[[Host]],Male,[[Sal Lopez]],[[Season One]],"""[[Chestnut]]""","""[[Chestnut]]""",Spanish American,,,,,,,,40s,,,,,,,,,,,,,,,,
3178,Clarence,/wiki/Clarence,,False,True,Clarence.jpg,,Alive,Human,Male,[[Kyle Bornheimer]],[[Season One]],"""[[The Original]]""","""[[The Original]]""",,,,,,,,,,,,,,,,,,,,,,,,,
2166,Clementine Pennyfeather,/wiki/Clementine_Pennyfeather,"['Maeve Millay', 'William', 'Elsie Hughes']",True,False,"<gallery>
  Clementine The Riddle of the Sphinx.jpg",Clem (by Maeve),"* Old Clem: Decommissioned
* New Clem: Unknown",[[Host]],Female,"* Old Clem, [[Angela Sarafyan]]
* New Clem, [[Lili Simmons]]",[[Season One,"* Old Clem ""[[The Original]]""
* New Clem ""[[Trace Decay]]""","* New Clem ""[[Akane No Mai]]""","* Old Clem: Caucasian American
* New Clem: Caucasian American","* Old Clem: Dark Brown
* New Clem: Blonde","* Old Clem: Green
* New Clem: Brown",,"* Old Clem, prostitute <small>(formerly)</small>, now part of [[Wyatt's gang]]
* New Clem, prostitute at the [[Mariposa Saloon]]",,,,30s,{{GalleryBox,"""Old"" Clementine, in the bar where she works",,"* Old Clem, 5' 8"" (1.73 m)
* New Clem, 5' 7"" (1.7 m)",,,,,,,,,,,,
8112,Cookie,/wiki/Cookie,,True,False,{{PAGENAME}}.jpg,,,,,,,,,,,,,,,,,,,{{PAGENAME,,,,,,,,,,,,,,
8807,Coughlin,/wiki/Coughlin,,False,True,206 Coughlin.png,,Deceased,Human,Male,[[Timothy V. Murphy]],[[Season Two,"""[[Phase Space]]""",,Irish Caucasian,,,,,,Head smashed in by Teddy Flood,,,,,,,,,,,,,,,,,,
7005,Craddock,/wiki/Craddock,,True,False,Major Craddock The Riddle of the Sphinx.jpg,,Destroyed,,Male,[[Jonathan Tucker]],[[Season Two,"""[[Reunion]]""","""[[The Riddle of the Sphinx]]""",Caucasian,Black,Green,"""[[Reunion]]""<br/>""[[The Riddle of the Sphinx]]""",,June 2052,Shot in the chest by [[Teddy Flood]] <small>(revived by [[Phil]])</small><br/>Blown up by [[Lawrence]] after being forced to drink nitroglycerin by [[Man in Black,,,,,"""[[Reunion]]""<br/>""[[Virtù e Fortuna]]""<br/>""[[The Riddle of the Sphinx]]""",,,,,,,,,,,,,
3176,Craig,/wiki/Craig,,False,True,Craig.jpg,,Alive,Human,Male,[[Currie Graham]],[[Season One,"""[[The Original]]""","""[[The Riddle of the Sphinx]]""",,,,,,,, [[Lori]] - Wife,,,,,,,,,,,,,,,,,
11626,Dan,/wiki/Dan,,False,True,,,,,,,,,,,,,,,,,,,,,,,,,,,,,,,,,,
11628,Dave,/wiki/Dave,,False,True,,,,,,,,,,,,,,,,,,,,,,,,,,,,,,,,,,
2777,Deputy Foss,/wiki/Deputy_Foss,,True,False,,,Unknown,Host,Male,[[Demetrius Grosse]],[[Season One]],"""[[The Original]]""","""[[Dissonance Theory]]""",African American,Black,,,Deputy Sheriff,,,,40s,,,,,,,,,,,,,,,,
3083,Deputy Roe,/wiki/Deputy_Roe,,True,False,Deputy_Roe_infobox.jpg,,,,,,,,,,,,,,,,,,,,,,,,,,,,,,,,,
8564,Deputy Rogers,/wiki/Deputy_Rogers,,True,False,E02E9615-87F2-4D57-9F50-300C2801D494.jpeg,,,,Male,[[Con Schell]],,[[The Stray]],,,,,,Sheriff's Deputy,,,,,,,,,,,,,,,,,,,,
3420,Destin Levy,/wiki/Destin_Levy,,False,True,Destin_Westworld.jpg,,Deceased,Human,Male,[[Christopher Gerse]],[[Season One]],"""[[Contrapasso]]""","""[[The Bicameral Mind]]""",,,,"""[[The Bicameral Mind]]""",Technician [[Livestock Management]] division of [[Westworld (Location),,Fatally stabbed through the back by [[Hector Escaton]],,,,Destin working,,,,,,,,,,,,,,
2158,Dolores Abernathy,/wiki/Dolores_Abernathy,"['Peter Abernathy', 'Teddy Flood', 'Bernard Lowe', 'Arnold Weber', 'Man in Black', 'William', 'Maeve Millay']",True,False,Dolores Abernathy Season 3.jpg,[[Wyatt]]<br/>Wičhúŋt'e Aú <small>(by [[Ghost Nation]])</small><br/>Deathbringer <small>(by Ghost Nation)</small><br/>[[Charlotte Hale (host),Conscious,,Female,[[Evan Rachel Wood]]<br/>[[Tessa Thompson]] <small>(as [[Charlotte Hale]])</small>,[[Season One,"""[[The Original]]""",,Caucasian American<br/>African American <small>(as Hale)</small>,Blonde<br/>Black <small>(as Hale)</small>,Blue<br/>Brown <small>(as Hale)</small>,"""[[The Bicameral Mind]]""<br/>""[[The Passenger]]""",Leader of [[Wyatt's gang]]<br/>Executive director of the [[Delos Board]] <small>(as Hale)</small>,2018 <!--as per the ARG--><br/>June 2052,Shot herself in the head <small>(revived by [[Livestock Management]])</small><br/>Bled to death after being stabbed in the chest by [[Man in Black,[[Peter Abernathy]] <small>(father)</small><br/>Unnamed mother,,,,18 episodes <small>[[#Appearances,,,Dolores Aberanthy,[[Westworld (park),2015 <!--as per the ARG-->,,,,,,,,
8046,Donald Pardue,/wiki/Donald_Pardue,,True,False,,,Decommissioned,Host,Male,[[Wiley M. Pickett]],,,,,,,,Bandit,,Shot by [[William]],* Two unnamed Brothers,,[[]],,"""[[Reunion]]""",,,,,,,,,,,,,
8658,Doshin,/wiki/Doshin,,True,False,{{PAGENAME}}.jpg,,,,,,,,,,,,,,,,,,,{{PAGENAME,,,,Dōshin,,,,,,,,,,
11624,Dragon,/wiki/Dragon,,True,False,Dragon.jpeg,,Inactive/Dismembered,[[Host]],,,[[Season Three]],[[The Winter Line]],,,,,,Monster in Park 4,,,,,,,,,,,,,,,,,,,,
8025,Dunleavy,/wiki/Dunleavy,,True,False,,,,,,,,,,,,,,,,,,,,,,,,,,,,,,,,,,
8362,Ehawee,/wiki/Ehawee,,True,False,{{PAGENAME}}.jpg,,,,,,,,,,,,,,,,,,,{{PAGENAME,,,,,,,,,,,,,,
8057,El Lazo (II),/wiki/El_Lazo_(II),,True,False,{{PAGENAME}}.jpg,,Decommissioned,,Male,[[Giancarlo Esposito]],,[[Reunion]],[[Reunion]],Hispanic-American,Black,,,,,,,,,,,,,,,,,,,,,,,
11567,Elliot,/wiki/Elliot,,False,True,Elliot.jpeg,,Alive,[[Human]],Male,[[Payman Maadi]],[[Season Three]],[[Parce Domine]],Parce Domine,Middle Eastern,,,,Delos Board Member,,,,50's,,,1 episode,,,,,,,,,,,,,
2164,Elsie Hughes,/wiki/Elsie_Hughes,"['Bernard Lowe', 'Ashley Stubbs', 'Clementine Pennyfeather']",False,True,Elsie The Passenger.jpg,,Deceased,Human,Female,[[Shannon Woodward]],[[Season One,"""[[The Original]]""","""[[The Passenger]]""",Caucasian,Brown,Brown,,Programmer,,Shot through the heart by [[Charlotte Hale]],,30s,,,,,,,,,,,,,,,,
4935,Emily,/wiki/Emily,"['William', 'Juliet', 'Dolores', 'Nicholas']",False,True,"<gallery>
Emily Grace Vanishing Point.jpg","* Emily Grace, full name
* Grace, in the parks<ref name=""katjaint""/>",Deceased,[[Human]] & [[Host]],Female,"* [[Katja Herbers]]
* [[Adison LaPenna]], Young Emily",[[Season Two]],"*""[[Reunion]]"" (Young Emily)
*""[[Virtù e Fortuna]]"" (Adult Emily)","""[[The Passenger]]""",,,,,,,Shot by [[William]],"* [[Juliet]], mother (Deceased)
* [[William]], father
* [[Logan]], uncle (Deceased)
* [[James Delos]], grandfather (Deceased)",30s,[[:Category:Images of Emily,,,,,,,,,,,,,,,
8808,Engels,/wiki/Engels,,False,True,207 Engels.png,,,,,,,,,,,,,,,,,,,{{PAGENAME,,,,,,,,,,,,,,
11586,Engerraund Serac,/wiki/Engerraund_Serac,,False,True,Serac.jpg,Engerraund Serac,Alive,Human,Male,[[Vincent Cassel]],[[Season Three,"""[[The Winter Line]]""",,TBA,Grey,Blue,,TBA,,,TBA,50s,,,,,,,,,TBA,TBA,,,,,,
9637,Etu,/wiki/Etu,,True,False,[[File:Etu.jpg]],,Decommissioned,Host,Male,[[Booboo Stewart]],[[Season Two,[[Kiksuya]],[[Kiksuya]],Native American,Black,Brown,,,,,[[Wichapi]] (Mother),,,Etu,,,,,,,,,,,,,,
11714,Eunice,/wiki/Eunice,,False,True,Eunice.jpeg,,Alive,[[Human]],female,[[Ying Sayun]],[[Season Three]],[[Parce Domine]],Parce Domine,Chinese,,,,,,,[[Gerald]] (husband),30's,,,1 episode,,,,,,,,,,,,,
3190,Eye Patch,/wiki/Eye_Patch,,False,False,,,Active,[[Host]],Male,[[Patrick Gorman]],[[Season One]],"""[[Chestnut]]""","""[[Chestnut]]""",,,,,,,,,60s,,,,,,,,,,,,,,,,
3170,Felix Lutz,/wiki/Felix_Lutz,"['Sylvester', 'Maeve Millay']",False,True,Felix_main_infobox1.jpg,,Alive,"Human<ref name=""tvline interview"">http://tvline.com/2016/12/05/westworld-season-2-spoilers-interview-ford-dolores-flies/</ref>",Male,[[Leonardo Nam]],[[Season One,[[The Original]],,Asian American,Black,Brown,,Technician [[Livestock Management]] division of [[Westworld (Location),,,,,,,,,,,,,,,,,,,,
3198,Female Guest,/wiki/Female_Guest,,False,True,Female_Guest.jpg,,Alive,[[Human]],Female,[[Christine Weatherup]],[[Season One]],"""[[Chestnut]]""","""[[Chestnut]]""",,,,,,,,,30s,,,,,,,,,,,,,,,,
4081,Ford's Host Father,/wiki/Ford%27s_Host_Father,,True,False,Arnold in portrait.jpg,,Unknown,[[Host]],Male,[[Alastair Duncan]],[[Season One]],"""[[The Adversary]]""",,Caucasian British,Greying,,,,,,"* [[Little Boy]], son ([[Robert Ford]] as a child)
* Unknown, son
* Unknown, wife",60s,,Portrait of his father,,,,,,,,,,,,,,
3398,Fortune Teller,/wiki/Fortune_Teller,,True,False,Westworld-hallucinations-fortune_teller.jpg,,,,,,,,,,,,,,,,,,,"the ""{{PAGENAME",,,,,,,,,,,,,,
11133,Francis,/wiki/Francis,,False,False,TBA,TBA,Deceased,TBA,Male,[[Kid Cudi,Season 3,TBA,TBA,African-American,,,TBA,Convict,,Shot in the stomach,TBA,TBA,,TBA,TBA,,,,,,,,,,,,,
8119,Futterman,/wiki/Futterman,,False,True,5AC7EC51-1B37-4DC4-8CC4-EAC8F0833CDA.jpeg,,,,,,,,,,,,,,,,,,,{{PAGENAME,,,,,,,,,,,,,,
8159,Ganju,/wiki/Ganju,,True,False,203 Ganju.png,,Decommissioned,Host,Male,[[Sean Mann]],[[Season Two]],[[Virtù e Fortuna]],[[Virtù e Fortuna]],,,,,Hunting Guide,,Shot by [[Grace]],,,,,,,,,,,,,,,,,,
11104,George,/wiki/George,,False,False,George in Elevator.jpg,TBA,Alive/Active,Robot,,,Season 3,TBA,TBA,,TBA,TBA,TBA,Construction Worker,TBA,TBA,TBA,,,,TBA,TBA,TBA,,,,TBA,TBA,,,,,,
11526,Gerald,/wiki/Gerald,,False,True,Gerald.jpeg,Gerry,Deceased,Human,Male,[[Thomas Kretschmann]],[[Season Three]],Parce Domine,[[Parce Domine]],Caucasian German,,,Parce Domine,Investor,Unknown,Accidental suicide,"Unknown first wife (deceased), [[Eunice]] (second wife)",50's,,,1 episode,,,,,,Unknown,Unknown,,,,,,
4263,Ghost Nation,/wiki/Ghost_Nation,,True,False,Westworld Ghost Nation.jpg,Wanáǧi Oyáte,,[[Host]],,,[[Season One,"""[[Chestnut]]""",,,,,,,,,,,,One of the members of the Ghost Nation tribe,,,,Ghost Nation,,,,,[[Ghost Nation (location),Tribe,Lakota,[[Akecheta]] - formerly,[[Delos Incorporated,
11557,Giggles,/wiki/Giggles,,False,True,Marshawn-lynch.jpg,,Alive,[[Human]],,[[Marshawn Lynch]],[[Season Three]],[[Parce Domine]],Parce Domine,African American,,,,Criminal,,,,,,,1 episode,,,,,,,,,,,,,
5287,Gitlitz,/wiki/Gitlitz,['Destin'],False,True,9369DD5B-739E-4C30-BAD6-F7D360B8AF8F.jpeg,,Deceased,Human,Male,[[David Douglas]],[[Season One]],"""[[The Bicameral Mind]]""","""[[The Bicameral Mind]]""",,Black,Brown,"""[[The Bicameral Mind]]""",Technician [[Livestock Management]] division of [[Westworld (Location),,Killed by [[Armistice]],,30s-40s,,,,,,,,,,,,,,,,
7816,Gold Miner Host,/wiki/Gold_Miner_Host,,True,False,gold-miner-host-01.jpg,,Active,Host,Male,[[Micah Fitzgerald]],"[[Season One]], [[Season Two]]","""[[Trace Decay]]""","""[[Journey Into Night (episode)",Caucasian,Brown,Blue,,,,,,40s,,,,,,,,,,,,,,,,
8809,Goldberg,/wiki/Goldberg,,False,True,207 Goldberg.png,,,,,,,,,,,,,,,,,,,{{PAGENAME,,,,,,,,,,,,,,
9981,Goldie Baird,/wiki/Goldie_Baird,,True,False,First Generation Hosts.JPG,,,,,,,,,,,,,,,,,,,{{PAGENAME,,,,,,,,,,,,,,
7008,Grace,/wiki/Grace,,False,False,{{PAGENAME}}.jpg,,,,,,,,,,,,,,,,,,,{{PAGENAME,,,,,,,,,,,,,,
8122,Gregory,/wiki/Gregory,,False,True,Armistice - 1.jpg,,,,,,,,,,,,,,,,,,,{{PAGENAME,,,,,,,,,,,,,,
7674,Hanaryo,/wiki/Hanaryo,,True,False,Hanaryo Akane No Mai.jpg,,Decommissioned,[[Host]],Female,[[Tao Okamoto]],[[Season Two]],"""[[Akane No Mai]]""",,Japanese,Black,,,,,,,,,,,,,,,,,,,,,,,
8814,Hawking,/wiki/Hawking,,False,True,C7DCAD99-9947-4CDD-872F-BEF7FEB9DFA2.jpeg,,,,,,,,,,,,,,,,,,,{{PAGENAME,,,,,,,,,,,,,,
2162,Hector Escaton,/wiki/Hector_Escaton,"['Armistice', 'Maeve Millay', 'Charlotte Hale', 'William']",True,False,Hector The Winter Line.jpg,,Decommissioned,[[Host]],Male,[[Rodrigo Santoro]],[[Season One,"""[[The Original]]""",,Latin American,Brown,Brown,,Bandit,,,,Early 40s,,,,,,,,,,,,,,,,
8093,Henry Li,/wiki/Henry_Li,['Robert Ford'],False,True,50943F01-67F8-4462-9B54-61584F3768E9.jpeg,,,,,,,,,,,,,,,,,,,{{PAGENAME,,,,,,,,,,,,,,
2913,Holden,/wiki/Holden,,True,False,Holden.jpg,,,,,,,,,,,,,,,,,,,,,,,,,,,,,,,,,
3067,Homestead Girl,/wiki/Homestead_Girl,,True,False,Jasmyn_Rae_Homestead_Girl_infobox.jpg,,"Active (Consciousness in the [[Valley Beyond]])
Decommissioned (Body)",Host,Female,[[Jasmyn Rae]],[[Season One,"""[[Chestnut]]""",,African American,Black,Brown,,,,,* [[Maeve Millay]] - Host mother in a past storyline,8-10,[[:Category:Images of Homestead Girl,,,,,,,,,,,,,,,
8110,Horace Calhoun,/wiki/Horace_Calhoun,,True,False,78A9C901-E2E3-4505-919B-5737403C12A7.jpeg,,Unknown,,Male,[[Darrel Cherney]],,[[The Stray]],[[The Stray]],Caucasian,Blonde,,,Bandit,,,,,,,,,,,,,,,,,,,,
11055,Irene Gerhart,/wiki/Irene_Gerhart,,False,False,,,,,,,,,,,,,,,,,,,,,,,,,,,,,,,,,,
8563,Ivan,/wiki/Ivan,,False,False,{{PAGENAME}}.jpg,,,,,,,,,,,,,,,,,,,{{PAGENAME,,,,,,,,,,,,,,
9794,Jack Monroe,/wiki/Jack_Monroe,,False,True,209 Jack Monroe.png,,Alive,Human,Male,[[Jack Conley]],,"""[[Vanishing Point]]""","""[[Vanishing Point]]""",,Grey,,,,,,,50's or 60's,,,,,,,,,,,,,,,,
3180,Jacob,/wiki/Jacob,,False,True,Jacob.jpg,,Alive,Human,Male,[[Mataeo Mingo]],[[Season One]],"""[[The Original]]""","""[[The Original]]""",,,,,,,,"
* un-named, father
* un-named, mother",about 10,,,,,,,,,,,,,,,,
8009,Jacobson,/wiki/Jacobson,,False,True,202 Jacobson.png,,Deceased,Human,Male,[[Brian Ames]],,[[Reunion]],[[Virtù e Fortuna]],Caucasian American,Brown,Blue,,Member of the QA,,Shot by [[Colonel Brigham]],,20s,,,,"6'0""",200 lbs.,,,,,,,,,,,
7403,James Delos,/wiki/James_Delos,"['William', 'Juliet', 'Logan', 'Emily']",False,True,{{PAGENAME}}.jpg,Jim <small>(by [[William]])</small>,Deceased,[[Human]] & [[Host]],Male,Peter Mullan,[[Season Two]],"""[[Reunion]]""","""[[The Passenger]]""",Scottish Caucasian,White,Brown,,Founder of Delos,,,"* [[Logan]], son (Deceased)
* [[William]], son-in-law
* [[Juliet]], daughter (Deceased)
* [[Emily]], granddaughter (Deceased)
* Unnamed Wife (Deceased)",50s,,,,,,,,,,,,,,,,
11717,Joanna,/wiki/Joanna,,False,True,Joanna.jpeg,,Alive,[[Human]],Female,[[Charmin Lee]],[[Season Three]],[[Parce Domine]],Parce Domine,African American,,,,[[Delos Board]]-member,,,,40's,,,1 episode,,,,,,,,,,,,,
11574,Joe,/wiki/Joe,,False,True,Joe.jpeg,,Unknown (presumably alive),[[Human]],Male,[[Michael Filipowich]],[[Season Three]],[[Parce Domine]],,Caucasian American,,,,Butcher,,,,,,,1 episode,,,,,,,,,,,,,
5412,John Blane (1973),/wiki/John_Blane_(1973),,False,False,JohnBlaneWestworld.jpg,,Deceased,Human,Male,James Brolin,,[[Westworld (film)]],,Caucasian American,Dark Brown,,,Outlaw,,,,,,,,,,John Blane,,,,,,,,,,
4939,Juliet,/wiki/Juliet,,False,True,"<gallery>
Older Juliet Vanishing Point.jpg",Juliet Delos (before her marriage to [[William]]),Deceased,[[Human]],Female,"* [[Claire Unabia]], The Jimmi Simpson years
* [[Sela Ward]], The Ed Harris years",[[Season One,"""[[The Original]]"" (in image only)<br />""[[Reunion]]"" (flashback)","""[[Vanishing Point]]""",Caucasian American,Brown,,,,Approximately a year before the current events of the show,Drug Overdose,"
* [[James Delos]], father (Deceased)
* Unnamed Mother (Deceased)
* [[William]], husband
* [[Logan]], brother (Deceased)
* [[Emily]], daughter (Deceased)",Unknown (50+)(estimate),,,,,,,,,,,,,,,,
7613,Karl Strand,/wiki/Karl_Strand,,False,True,Cq5dam.web.1200.675.jpeg,,Deceased,Human,Male,[[Gustaf Skarsgård]],[[Season Two,"""[[Journey Into Night (episode)","""[[The_Passenger",Caucasian,Bald,Green,,Head of Operations,,Shot in the head by [[Dolores Abernathy]] <small>(As [[Charlotte Hale]])</small>,,30's or 40's,[[:Category:Images of {{PAGENAME,,,,,,,,,,,,,,,
2601,Kissy,/wiki/Kissy,,True,False,{{PAGENAME}}.jpg,,,,,,,,,,,,,,,,,,,[[Eddie Rouse]] as {{PAGENAME,,,,,,,,,,,,,,
8657,Koda,/wiki/Koda,,True,False,349DF9DA-C756-4879-B201-9E8102B2978E.jpeg,,,,,,,,,,,,,,,,,,,{{PAGENAME,,,,,,,,,,,,,,
7676,Kohana,/wiki/Kohana,['Akecheta'],True,False,KS-1.jpeg,,Decommissioned <small>(conscious mind in the [[Valley Beyond]])</small>,[[Host]],Female,[[Julia Jones]],[[Season Two]],"""[[Kiksuya]]""","""[[The Passenger]]""",Native American,Brown,,,,,,[[Akecheta]] <small>(lover)</small>,,,,,,,,,,,,,,,,,
8319,Laura,/wiki/Laura,,False,True,3FB5C9A9-CE12-44C4-B06A-A08FCC92BD7B.jpeg,,Unknown,Human,Female,[[Ashley Haden]],[[Season Two]],"""[[Virtù e Fortuna]]""","""[[Virtù e Fortuna]]""",,,,,Delos Board Member,,,,30s,[[:Category:Images of {{PAGENAME,,,,,,,,,,,,,,,
2728,Lauren,/wiki/Lauren,['Bernard Lowe'],False,False,Lauren_wildworld.jpg,,"Unknown 
(Possibly non-existent)",Unknown,Female,[[Gina Torres]],[[Season One,"""[[The Stray]]""","""[[Les Ecorches]]""",African American,Brown,Brown,,,,," 
* [[Bernard Lowe]]
- Husband/Ex-Husband
* [[Charlie]] - Son (deceased)",40s-50s,[[:Category:Images of {{PAGENAME,,,,,,,,,,,,,,,
2526,Lawrence,/wiki/Lawrence,,True,False,Lawrence Reunion.jpg,"""El Lazo""
Lawrence Pedro María Gonzalez",Decommissioned,[[Host]],Male,[[Clifton Collins Jr.]],[[Season One,"""[[Chestnut]]""","""[[Les Ecorches]]""",Latino,Black,Brown,,"Wanted Criminal, Revolutionary",,,"* unnamed, [[Lawrence's Wife]]
* unnamed, [[Lawrence's Daughter]]",Mid 40s,[[:Category:Images of Lawrence,,,,,,,,,,,,,,,
2869,Lawrence's Daughter,/wiki/Lawrence%27s_Daughter,,True,False,Lawrence's Daughter The Riddle of The Sphinx.jpg,,Active,Host,Female,[[Izabella Alvarez]],[[Season One,"""[[Chestnut]]""","""[[The Riddle of the Sphinx]]""",Possibly Hispanic,Brunette,Brown,,,,,"
* [[Lawrence]], father
* un-named, mother",11-12,,,,5'1,129lbs,,,,,,,,,,,
3185,Lawrence's Wife,/wiki/Lawrence%27s_Wife,"['Lawrence', 'Daughter']",True,False,Lawrence's_Wife.jpg,,Active,[[Host]],Female,[[Olga Aguilar]],[[Season One,"""[[Chestnut]]""","""[[The Riddle of the Sphinx]]""",Hispanic,Brown,,,,,,"* [[Lawrence]], husband
* [[Lawrence's Daughter",30s,,,,,,,,,,,,,,,,
2167,Lee Sizemore,/wiki/Lee_Sizemore,"['Robert Ford', 'Theresa Cullen', 'Charlotte Hale']",False,True,Lee Sizemore The Passenger.jpg,,Deceased,Human,Male,[[Simon Quarterman]],[[Season One,"""[[The Original]]""","""[[The Passenger]]""",British Caucasian,Black,Blue,,[[Westworld (Location),,Shot repeatedly by Delos Security,,30s,,,,,,,,,,,,,,,,
9980,Lester Abel,/wiki/Lester_Abel,,True,False,First Generation Hosts.JPG,,,,,,,,,,,,,,,,,,,{{PAGENAME,,,,,,,,,,,,,,
11529,Liam Dempsey Jr.,/wiki/Liam_Dempsey_Jr.,,False,True,LiamDempseyJr.jpeg,Liam,Alive,[[Human]],Male,[[John Gallagher Jr.]],[[Season Three]],[[Parce Domine]],Parce Domine,Caucasian American,,,,Figured head of [[Incite Inc.]],,,[[Liam Dempsey Sr.]] (father),30's,,,1 episode,,,,,,,,,,,,,
11287,Liam Dempsey Sr.,/wiki/Liam_Dempsey_Sr.,,False,True,Liam Dempsey.jpg,,Deceased,[[Human]],Male,[[Jefferson Mays]],[[Season Three]] (possibly),,,Caucasian American,,,,Co-founder of Incite,,,[[Liam Dempsey Jr.]] (son),,,,,,,,,,,,,,,,,
11577,Liang,/wiki/Liang,,False,True,Liang.jpeg,,Unknown (presumably alive),[[Human]],Male,[[Jenson Cheng]],[[Season Three]],[[Parce Domine]],,Asian,,,,Butcher,,,,,,,,,,,,,,,,,,,,
9070,Limpert,/wiki/Limpert,,False,True,96DE9092-0508-4361-A9F0-4171F871678B.jpeg,,,,,,,,,,,,,,,,,,,{{PAGENAME,,,,,,,,,,,,,,
2977,Little Boy,/wiki/Little_Boy,,True,False,Little_boy_chestnut_infobox.jpg,Young Robert,Decommissioned,[[Host]],Male,[[Oliver Bell]],[[Season One,"""[[Chestnut]]""","""[[Journey Into Night (episode)",Caucasian American,Sandy blond,,,,,,,12-14 years old,,A young version of Robert Ford in Host form,"""[[Chestnut]]"", ""[[Contrapasso]]"", ""[[The Adversary]]"", ""[[Journey Into Night (episode)",,,,,,,,,,,,,
2531,Logan Delos,/wiki/Logan_Delos,"['William', 'Juliet']",False,True,Logan Delos Reunion.jpg,,Deceased,[[Human]],Male,[[Ben Barnes]],[[Season One,"""[[Chestnut]]""","""[[The Passenger]]""",Caucasian American,Dark,Dark,,"Senior Management, Delos",unknown,Overdose,"* [[James Delos]], father (Deceased)
* unnamed Mother (Deceased)
* [[Juliet]], sister (Deceased)
* [[William]], brother-in-law
* [[Emily]], niece (Deceased)",30s,,,,"6'2""",154 lbs.,,,,,,,,,,,
3173,Lori,/wiki/Lori,,False,True,Lori.jpg,,Alive,,Female,[[Lena Georgas]],[[Season One,"""[[The Original]]""","""[[The Riddle of the Sphinx]]""",,,,,,,, [[Craig]] - Husband,,,,,,,,,,,,,,,,,
2160,Maeve Millay,/wiki/Maeve_Millay,"['Clementine Pennyfeather', 'Dolores Abernathy']",True,False,Maeve Les Ecorches.jpg,Madam of Mariposa,Active,,Female,[[Thandie Newton]],[[Season One,"""[[The Original]]""",,Black British,Black,Brown,,Brothel Madam <small>(formerly)</small><br/>Homesteader <small>(formerly)</small>,,,[[Homestead Girl,,,,,,,Maeve Millay,[[Westworld (park),,,,,,,,,
7622,Maling,/wiki/Maling,,False,True,{{PAGENAME}}_Head.jpeg,,,,,,,,,,,,,,,,,,,{{PAGENAME,,,,,,,,,,,,,,
2163,Man in Black,/wiki/Man_in_Black,"['Young William', 'Man in Black', 'Logan', 'Young William', 'Man in Black', 'Emily', 'Juliet']",False,True,"<gallery>
Old William Vanishing Point.jpg","* Billy <small>(by [[Logan]] and [[Juliet]])</small>
* Bill <small>(by [[James Delos]] and some management at the time of [[The Gala]])</small>",Alive,[[Human]] & [[Host]],Male,"* [[Ed Harris]] <small>(Man in Black)</small>
* [[Jimmi Simpson]] <small>(Young William)</small>",[[Season One,"* ""[[The Original]]"" <small>(Man in Black)</small>
* ""[[Chestnut]]"" <small>(Young William)</small>",,Caucasian American,"* Man in Black, Gray & Balding
* Young Man in Black, Blond",,,"*(former) Executive Vice President at Delos
*Majority Shareholder of Westworld, Member of the board of Delos Destinations, Philanthropist",,,"* [[Juliet]], wife (Deceased)
* [[Emily]], daughter (Deceased)
* [[Logan]], brother-in-law (Deceased)
* [[James Delos]], father-in-law (Deceased)","* Man in Black, 60s
* Young Man in Black, 30s",,,,,,Man in Black,,,,,,,,,,Blue
3213,Man on Train,/wiki/Man_on_Train,,False,True,Man_on_Train.jpg,,Alive,Human,Male,[[Jeffrey Muller]],[[Season One]],"""[[The Original]]""",,,,,,,,,,40s,,,,,,,,,,,,,,,,
8118,Manu,/wiki/Manu,,True,False,Ford anf Cullen in Agave Plantation.JPG,,Active,Host,Male,[[Jose Rosario]],[[Season One]],,,Hispanic,,,,,,,,40s,,Ford and Cullen at the Agave Plantation,[[Dissonance Theory]],,,Manu,,,,,,,,,,
3200,Mariposa Bartender,/wiki/Mariposa_Bartender,,True,False,Mariposa_Bartender.jpg,,Active,[[Host]],Male,[[Bradley Fisher]],[[Season One]],"""[[Chestnut]]""","""[[Trace Decay]]""",,,,,,,,,60s,,,,,,,,,,,,,,,,
9175,Marshal Pruitt,/wiki/Marshal_Pruitt,,True,False,{{PAGENAME}}.jpg,,,,,,,,,,,,,,,,,,,{{PAGENAME,,,,,,,,,,,,,,
2828,Marti,/wiki/Marti,,False,True,Westworld-episode-3-Marti.jpg,,Unknown,Human,Female,[[Bojana Novakovic]],[[Season One]],"""[[The Stray]]""",,,Brunette,Brown,,Bounty Hunter,,,,30s,[[:Category:Images of Marti,,,,,,,,,,,,,,,
11096,Martin Connells,/wiki/Martin_Connells,,False,True,Martin Conells Parce Domine.jpg,,"Deceased, copied as a Host",Human,Male,[[Tommy Flanagan]],[[Season Three,[[Parce Domine]],Parce Domine,Caucasian,,,Parce Domine,Fixer,,,,50's,,,1 episode,,,,,,,,,,,,,
3571,Maurice,/wiki/Maurice,,True,False,Woodcutter.jpg,Maurice,Decommissioned,[[Host]],Male,[[Tait Fletcher]],[[Season One]],"""[[The Stray]]""","""[[Contrapasso]]""",,Bald,,,Woodcutter,,Suicide by smashing his own head in with a large rock then incinerated,,,,,,,,,,,,,,,,,,
3439,Mesa Bartender,/wiki/Mesa_Bartender,,True,False,Bartender_the_Adversary.jpg,,Unknown,Host,Male,[[Tyler Parks]],[[Season One]],"""[[Contrapasso]]""","""[[The Adversary]]""",,,,,"Once a host in programming, now a bartender at the Mesa Hub",,,,,,A host who works as a bartender,,,,,,,,,,,,,,
7629,Musashi,/wiki/Musashi,,True,False,Musashi Akane No Mai.jpg,,Active,Host,Male,[[Hiroyuki Sanada]],[[Season Two]],"""[[Akane No Mai]]""","""[[Phase Space]]""",Japanese,Black,,,,,,,,,,,,,,,,,,,,,,,
7009,Nicholas,/wiki/Nicholas,['Emily'],False,True,Nicholas The Raj.jpg,,Deceased,Human,Male,[[Neil Jackson]],[[Season Two]],"""[[Virtù e Fortuna]]""","""[[Virtù e Fortuna]]""",,blond,,"""[[Virtù e Fortuna]]""",,,Shot by [[Ganju]],,40s,,,,,,,,,,,,,,,,
3400,Norris,/wiki/Norris,,True,False,Confederado_character.jpg,,,,,,,,,,,,,,,,,,,{{PAGENAME,,,,,,,,,,,,,,
2589,Old Bill,/wiki/Old_Bill,,True,False,OldBill.jpg,,,,,,,,,,,,,,,,,,,{{PAGENAME,,,,,,,,,,,,,,
11537,Penny,/wiki/Penny,,False,True,Penny.jpeg,,Alive,[[Human]],Female,[[Phoebe Tonkin]],[[Season Three,"""[[Parce Domine]]""",,Caucasian,,,,,,,,,,,,,,,,,,,,,,,,
2418,Peter Abernathy,/wiki/Peter_Abernathy,,True,False,"<gallery>
  Peter_Abernathy_(1).jpg",,"* Old Peter: Decommissioned
* New Peter: Unknown",Host,Male,"
* [[Louis Herthum]], Old Peter
* [[Bradford Tatum]], New Peter",[[Season One,"""[[The Original]]""","""[[Les Ecorches]]""",,,,,"Rancher, former Sheriff",,,"
* [[Dolores Abernathy]] - Host daughter
* Unnamed Wife",late 50s,,,,,,,,,,,,,,,,
8008,Phil,/wiki/Phil,"[""Wyatt's gang""]",False,True,202 Phil.png,,,,,,,,,,,,,,,,,,,{{PAGENAME,,,,,,,,,,,,,,
2452,Rebus,/wiki/Rebus,['Walter'],True,False,203 Rebus.png,,Decommissioned,[[Host]],Male,[[Steven Ogg]],[[Season One,"""[[The Original]]""","""[[Virtù e Fortuna]]""",,Black,,,,,,,,,,,,,,,,,,,,,,,
11569,Reed Phillips,/wiki/Reed_Phillips,,False,True,ReedPhillips.jpeg,,Alive,[[Human]],Male,[[Gregory Zarian]],[[Season Three]],[[Parce Domine]],Parce Domine,Caucasian American,,,,Delos Board member,,,,40's,,,1 episode,,,,,,,,,,,,,
3378,Revolutionaries,/wiki/Revolutionaries,,True,False,El Lazo_Lawrence.jpg,,,[[Host]],Male,Various,"[[Season One]], [[Season Two]]","""[[Contrapasso]]""","""[[Reunion]]""",Various,Various,Various,,,,,,Various,,"El Lazo, secretly siding with the ""Revolutionaries""",,,,,,,,,,,,,,
2156,Robert Ford,/wiki/Robert_Ford,"['Bernard Lowe', 'Theresa Cullen', 'Arnold Weber', 'Lee Sizemore', 'William']",False,True,Robert Ford Les Echorces.jpg,,Deceased,Human,Male,[[Anthony Hopkins]]<br />[[Oliver Bell]] <small>([[Little Boy,,,,,,,,,,,,,,,,,,,,,,,,,,,,
11535,Roderick,/wiki/Roderick,,False,True,Roderick.jpeg,,Alive,[[Human]],Male,[[Rafi Gavron]],[[Season Three]],[[Parce Domine]],Parce Domine,British Caucasian,,,,,,,,,,,1 episode,,,,,,,,,,,,,
8810,Roland,/wiki/Roland,,False,True,208 Roland.png,,,,,,,,,,,,,,,,,,,{{PAGENAME,,,,,,,,,,,,,,
7801,Ronald,/wiki/Ronald,,False,True,Ronald.png,,Deceased,Human,Male,[[Antonio Leon]],[[Season Two]],"""[[Journey_Into_Night_(episode)",,,,,"""[[Journey_Into_Night_(episode)",Delos Board Member,,"Shot by a host, after [[The Gala]]",,30s,[[:Category:Images of {{PAGENAME,,,,,,,,,,,,,,,
7678,Sakura,/wiki/Sakura,,True,False,{{PAGENAME}}.jpg,,Decommissioned,Host,Female,Kiki Sukezane,[[Season Two]],"""[[Akane No Mai]]""",,Japanese,Black,,,,,,,,,,,,,,,,,,,,,,,
8111,Samuel,/wiki/Samuel,,True,False,Ep03-ss02-1280.jpg,,Unknown,,Male,[[Bruno Gunn]],,[[The Stray]],[[The Stray]],Caucasian,Blonde,,,Bandit,,,,,,"Samuel ""Walrus""",,,,,,,,,,,,,,
11082,Sauer,/wiki/Sauer,,False,False,Sauer.jpeg,,Decommissioned/Simulated,[[Host]]/Simulated,Male,[[Christian Stamm]],[[Season Three]],[[The Winter Line]],The Winter Line,Caucasian German,,,The Winter Line,Officer of the [[SS]],,,,40's,,,1 episode,,,,,,,,,,,,,
2852,Sheriff Pickett,/wiki/Sheriff_Pickett,,True,False,Sheriff_of_sweetwater.jpg,,Unknown,[[Host]],Male,[[Brian Howe]],[[Season One]],"""[[The Original]]""","""[[Trace Decay]]""",,Grey/Dark,,,Sheriff,,,,50s or 60s,,,,,,,,,,,,,,,,
3074,Sheriff Reed,/wiki/Sheriff_Reed,,True,False,Sheriff_Reed.jpg,,,,,,,,,,,,,,,,,,,,,,,,,,,,,,,,,
8664,Shogun,/wiki/Shogun,,True,False,4D5B26E5-6206-4A64-B030-0FC8878B13E4.jpeg,,Decommissioned,Host,Male,[[Masaru Shinozuka]],[[Season Two,"""[[Akane No Mai]]""",,Japanese,Dark,,"""[[Akane No Mai]]""",Military Dictator,,stabbed in the ear by [[Akane]],,50s,,The Shogun,,,,,,,,,,,,,,
3196,Shy Guest,/wiki/Shy_Guest,,False,False,Shy_guest.jpg,,Alive,,Male,[[Lucas Kwan Peterson]],[[Season One]],"""[[Chestnut]]""","""[[Chestnut]]""",,,,,,,,,,,,,,,,,,,,,,,,,
3171,Sketchy Guest,/wiki/Sketchy_Guest,,False,True,,,Alive,[[Human]],Male,[[Dusty Sorg]],[[Season One]],"""[[The Stray]]""",,Caucasian American,,,,,,,,,,,,,,,,,,,,,,,,
2775,Slim Miller,/wiki/Slim_Miller,['El Lazo'],True,False,Slim_Host.jpg,,Decommissioned,Host,Male,[[James Landry Hébert]],[[Season One]],"""[[Dissonance Theory]]""","""[[Trompe L'Oeil]]""",,Blond,,,Criminal,,,,late 20s/early 30s,,,,,,,,,,,,,,,,
3192,Spellbound Guest,/wiki/Spellbound_Guest,,False,True,Spellbound_Guest.jpg,,Alive,[[Human]],Male,[[Michael L. Bash]],[[Season One]],"""[[Chestnut]]""","""[[Chestnut]]""",,,,,,,,,30s,[[:Category:Images of {{PAGENAME,,,,,,,,,,,,,,,
3188,Stewardess,/wiki/Stewardess,,False,False,Stewardess.jpg,,Alive,Unknown,Female,[[Kiki McCleary]],[[Season One]],"""[[Chestnut]]""","""[[Chestnut]]""",,,,,,,,,,,,,,,,,,,,,,,,,
3167,Sylvester,/wiki/Sylvester,"['Felix Lutz', 'Maeve Millay']",False,True,Sylvester_the_adversary.jpg,,Alive,Human,Male,[[Ptolemy Slocum]],[[Season One,"""[[The Original]]""",,Caucasian American,Dirty blonde,Blue,,Technician in [[Livestock Management]] division of [[Westworld (Location),,,,early 40s,,,,,,,,,,,,,,,,
7803,Takoda,/wiki/Takoda,,True,False,Takoda.png,,Decomissioned,,Male,[[David Midthunder]],[[Season Two]],"""[[Journey_Into_Night_(episode)",,Native American,,,,Host,,,,,[[:Category:Images of {{PAGENAME,,,,,,,,,,,,,,,
8722,Tanaka,/wiki/Tanaka,,True,False,868D7324-9DCD-48A2-AC19-BBCA2BD55F3D.jpeg,,,,,,,,,,,,,,,,,,,{{PAGENAME,,,,,,,,,,,,,,
2157,Teddy Flood,/wiki/Teddy_Flood,"['Dolores Abernathy', 'Man in Black', 'Dr. Robert Ford']",True,False,Teddy Flood Phase Space.jpg,Teddy,Decommissioned <small>(conscious mind in [[Valley Beyond,,Male,[[James Marsden]],[[Season One,"""[[The Original]]""","""[[The Passenger]]""",Caucasian American,Brown,Blue,"""[[The Original]]""<br/>""[[Chestnut]]""<br/>""[[The Well-Tempered Clavier]]""<br/>""[[The Bicameral Mind]]""<br/>""[[Vanishing Point]]""",,2018 <!--as per the ARG--><br/>June 2052,5747 deaths<br/><small>[[#Teddy's Known Deaths,,,,,17 episodes <small>[[#Appearances,,,Theodore Flood,[[Westworld (park),Between 2015 and 2018 <!--as per the ARG-->,,,,,,,,
2863,Tenderloin,/wiki/Tenderloin,,True,False,Tenderloin.jpg,,Unknown,Host,Male,[[Jeff Daniel Phillips]],[[Season One]],"""[[The Original]]""","""[[The Well-Tempered Clavier]]""",Caucasian,Brown,,,Criminal,,,,40s,,,,,,,,,,,,,,,,
10778,The Gunfighter (1980),/wiki/The_Gunfighter_(1980),,False,False,"The Gunslinger, Beyond Westworld.png",,Inactive,[[Robot]],Male,Alex Kubik,,[[Beyond Westworld]],[[Beyond Westworld]],,Black,Silver,,Gunslinger,,Shot by a guest,,,,The Gunfighter,,,,,,,,,,,,,,
2247,The Gunslinger (1973),/wiki/The_Gunslinger_(1973),,False,False,Yul-brynner-westworld.jpg,,Inactive,[[Robot]],Male,[[Yul Brynner]],,[[Westworld (film)]],[[Futureworld]],,None,Silver,,Gunslinger,,Fire,,,,Yul Brynner as The Gunslinger in the 1973 film Westworld,,,,,,,,,,,,,,
11646,Therapist,/wiki/Therapist,,False,True,Therapist.jpeg,,Alive,[[Human]],Male,[[Wayne Péré]],[[Season Three]],Parce Domine,Parce Domine,Caucasian American,,,,Therapist,,,,40's,,,1 episode,,,,,,,,,,,,,
2413,Theresa Cullen,/wiki/Theresa_Cullen,"['Bernard Lowe', 'Lee Sizemore']",False,True,[[File:Theresa Cullen.jpg]],,Deceased,[[Human]],Female,[[Sidse Babett Knudsen]],[[Season One,"""[[The Original]]""","""[[Les Ecorches]]""<small>(in Bernard's Flashbacks)",Danish,Brown,Blue/Grey,,Head of [[Quality Assurance]],,Head smashed by [[Bernard Lowe]] under the orders of [[Robert Ford]],unnamed brother<ref>''[[Trace Decay]]''</ref>,,, [[Season One]] character portrait.,,,,,,,,,,,,,,
8117,Todd,/wiki/Todd,,False,True,B42D43DD-3CB0-411F-971D-84E4D7870FC1.jpeg,,,,,,,,,,,,,,,,,,,{{PAGENAME,,,,,,,,,,,,,,
8114,Union Scout,/wiki/Union_Scout,,True,False,Union_soldier_with_gun_infobox.jpg,,Decommissioned,[[Host]],Male,[[Dylan Kenin]],[[Season One]],"""[[Contrapasso]]""",,,,,,[[The Union Army,,,,,,"Union scout, ""riding shotgun"" on the wagon",,,,,,,,,,,,,,
3508,Union Soldier,/wiki/Union_Soldier,,True,False,Solider_in_Pariah.jpg,,Unknown,Host,Male,[[Corlandos Scott]],[[Season One]],"""[[Contrapasso]]""",,,,,,Union Solider,,,,,,Union Soldier,,,,,,,,,,,,,,
3506,Wagon driver,/wiki/Wagon_driver,,True,False,Union soldiers wagon driver.jpg,,Decommissioned,[[Host]],Male,[[Brett Porter]],[[Season One]],"""[[Contrapasso]]""",,,,,Shot by [[William]],[[The Union Army,,,,,,Union wagon driver,,,,,,,,,,,,,,
2689,Walter,/wiki/Walter,['Rebus'],True,False,<gallery>Westworld-milk-man_walter.jpg,,"
* Old Walter: Decommissioned
* New Walter: Active",[[Host]],Male,"
* [[Timothy Lee DePriest]]
* [[Ward Roberts]]",[[Season One]],"
* Old Walter ""[[The Original]]""
* New Walter ""[[The Stray]]""","
* Old Walter ""[[The Stray]]""
* New Walter ""[[Virtù e Fortuna]]""",Caucasian American,Brown,,,,,,,30s,,Walter,,,,,,,,,,,,,,
8130,Wanahton,/wiki/Wanahton,,True,False,KS-2.jpeg,,Active,Host,Male,[[Martin Sensmeier]],[[Season Two]],"""[[Virtù e Fortuna]]""",,Native American,Brown,,,,,,,,,,,,,,,,,,,,,,,
9651,Wichapi,/wiki/Wichapi,,True,False,Wichipi.jpg,,,,,,,,,,,,,,,,,,,{{PAGENAME,,,,,,,,,,,,,,
3211,Woman on Train,/wiki/Woman_on_Train,,False,True,Woman_on_Train.jpg,,Alive,Human,Female,[[Brook Kerr]],[[Season One]],"""[[The Original]]""",,,,,,,,,,,[[:Category:Images of {{PAGENAME,,,,,,,,,,,,,,,
2866,Wyatt,/wiki/Wyatt,"['Teddy Flood', 'Armistice', 'Dolores Abernathy']",True,False,,,,,,,,,,,,,,,,,,,,,,,,,,,,,,,,,,
8656,Yoriki Yamato,/wiki/Yoriki_Yamato,,True,False,{{PAGENAME}}.jpg,,,,,,,,,,,,,,,,,,,{{PAGENAME,,,,,,,,,,,,,,
3218,Androids,/wiki/Category:Androids,,False,False,,,,,,,,,,,,,,,,,,,,,,,,,,,,,,,,,,
3907,Antagonists,/wiki/Category:Antagonists,,False,False,,,,,,,,,,,,,,,,,,,,,,,,,,,,,,,,,,
10489,Delos Staff,/wiki/Category:Delos_Staff,,False,False,,,,,,,,,,,,,,,,,,,,,,,,,,,,,,,,,,
3720,Female characters,/wiki/Category:Female_characters,,False,False,,,,,,,,,,,,,,,,,,,,,,,,,,,,,,,,,,
9262,Ghost Nation,/wiki/Category:Ghost_Nation,,True,False,,,,,,,,,,,,,,,,,,,,,,,,,,,,,,,,,,
3026,Guests,/wiki/Category:Guests,,False,False,,,,,,,,,,,,,,,,,,,,,,,,,,,,,,,,,,
2420,Hosts,/wiki/Category:Hosts,,False,False,,,,,,,,,,,,,,,,,,,,,,,,,,,,,,,,,,
9277,Human,/wiki/Category:Human,,False,False,,,,,,,,,,,,,,,,,,,,,,,,,,,,,,,,,,
3899,Main characters,/wiki/Category:Main_characters,,False,False,,,,,,,,,,,,,,,,,,,,,,,,,,,,,,,,,,
3718,Male characters,/wiki/Category:Male_characters,,False,False,,,,,,,,,,,,,,,,,,,,,,,,,,,,,,,,,,
10671,Narrative faction,/wiki/Category:Narrative_faction,,False,False,,,,,,,,,,,,,,,,,,,,,,,,,,,,,,,,,,
2982,Westworld Staff,/wiki/Category:Westworld_Staff,,False,False,,,,,,,,,,,,,,,,,,,,,,,,,,,,,,,,,,
